{
    "elasticity": {
        "E": 35000000000.0,
        "nu": 0.29
    },
    "creep": {
        "A": 9.2e-36,
        "n": 5.0,
        "T": 298
    },
    "time": [
        0.0,
        34909.09090909091,
        69818.18181818182,
        104727.27272727274,
        139636.36363636365,
        174545.45454545456,
        209454.54545454547,
        244363.63636363638,
        279272.7272727273,
        314181.81818181823,
        349090.9090909091,
        384000.0,
        418909.09090909094,
        453818.1818181819,
        488727.27272727276,
        523636.36363636365,
        558545.4545454546,
        593454.5454545455,
        628363.6363636365,
        663272.7272727273,
        698181.8181818182,
        733090.9090909092,
        768000.0,
        802909.0909090909,
        837818.1818181819,
        872727.2727272728,
        907636.3636363638,
        942545.4545454546,
        977454.5454545455,
        1012363.6363636365,
        1047272.7272727273,
        1082181.8181818184,
        1117090.9090909092,
        1152000.0,
        1186909.090909091,
        1221818.1818181819,
        1256727.272727273,
        1291636.3636363638,
        1326545.4545454546,
        1361454.5454545456,
        1396363.6363636365,
        1431272.7272727273,
        1466181.8181818184,
        1501090.9090909092,
        1536000.0,
        1570909.090909091,
        1605818.1818181819,
        1640727.272727273,
        1675636.3636363638,
        1710545.4545454546,
        1745454.5454545456,
        1780363.6363636365,
        1815272.7272727275,
        1850181.8181818184,
        1885090.9090909092,
        1920000.0000000002,
        1954909.090909091,
        1989818.1818181819,
        2024727.272727273,
        2059636.3636363638,
        2094545.4545454546,
        2129454.5454545454,
        2164363.6363636367,
        2199272.7272727275,
        2234181.8181818184,
        2269090.909090909,
        2304000.0,
        2338909.0909090913,
        2373818.181818182,
        2408727.272727273,
        2443636.3636363638,
        2478545.4545454546,
        2513454.545454546,
        2548363.6363636367,
        2583272.7272727275,
        2618181.8181818184,
        2653090.909090909,
        2688000.0,
        2722909.0909090913,
        2757818.181818182,
        2792727.272727273,
        2827636.3636363638,
        2862545.4545454546,
        2897454.545454546,
        2932363.6363636367,
        2967272.7272727275,
        3002181.8181818184,
        3037090.909090909,
        3072000.0,
        3106909.0909090913,
        3141818.181818182,
        3176727.272727273,
        3211636.3636363638,
        3246545.4545454546,
        3281454.545454546,
        3316363.6363636367,
        3351272.7272727275,
        3386181.8181818184,
        3421090.909090909,
        3456000.0
    ],
    "sigma_zz": [
        15000000.0,
        15000000.0,
        15000000.0,
        15000000.0,
        15000000.0,
        15000000.0,
        15000000.0,
        15000000.0,
        15000000.0,
        15000000.0,
        15000000.0,
        15000000.0,
        15000000.0,
        15000000.0,
        15000000.0,
        15000000.0,
        15000000.0,
        15000000.0,
        15000000.0,
        15000000.0,
        15000000.0,
        15000000.0,
        15000000.0,
        15000000.0,
        15000000.0,
        15000000.0,
        15000000.0,
        15000000.0,
        15000000.0,
        15000000.0,
        15000000.0,
        15000000.0,
        15000000.0,
        15000000.0,
        15000000.0,
        15000000.0,
        15000000.0,
        15000000.0,
        15000000.0,
        15000000.0,
        15000000.0,
        15000000.0,
        15000000.0,
        15000000.0,
        15000000.0,
        15000000.0,
        15000000.0,
        15000000.0,
        15000000.0,
        15000000.0,
        15000000.0,
        15000000.0,
        15000000.0,
        15000000.0,
        15000000.0,
        15000000.0,
        15000000.0,
        15000000.0,
        15000000.0,
        15000000.0,
        15000000.0,
        15000000.0,
        15000000.0,
        15000000.0,
        15000000.0,
        15000000.0,
        15000000.0,
        15000000.0,
        15000000.0,
        15000000.0,
        15000000.0,
        15000000.0,
        15000000.0,
        15000000.0,
        15000000.0,
        15000000.0,
        15000000.0,
        15000000.0,
        15000000.0,
        15000000.0,
        15000000.0,
        15000000.0,
        15000000.0,
        15000000.0,
        15000000.0,
        15000000.0,
        15000000.0,
        15000000.0,
        15000000.0,
        15000000.0,
        15000000.0,
        15000000.0,
        15000000.0,
        15000000.0,
        15000000.0,
        15000000.0,
        15000000.0,
        15000000.0,
        15000000.0,
        15000000.0
    ],
    "sigma_xx": [
        5000000.0,
        5000000.0,
        5000000.0,
        5000000.0,
        5000000.0,
        5000000.0,
        5000000.0,
        5000000.0,
        5000000.0,
        5000000.0,
        5000000.0,
        5000000.0,
        5000000.0,
        5000000.0,
        5000000.0,
        5000000.0,
        5000000.0,
        5000000.0,
        5000000.0,
        5000000.0,
        5000000.0,
        5000000.0,
        5000000.0,
        5000000.0,
        5000000.0,
        5000000.0,
        5000000.0,
        5000000.0,
        5000000.0,
        5000000.0,
        5000000.0,
        5000000.0,
        5000000.0,
        5000000.0,
        5000000.0,
        5000000.0,
        5000000.0,
        5000000.0,
        5000000.0,
        5000000.0,
        5000000.0,
        5000000.0,
        5000000.0,
        5000000.0,
        5000000.0,
        5000000.0,
        5000000.0,
        5000000.0,
        5000000.0,
        5000000.0,
        5000000.0,
        5000000.0,
        5000000.0,
        5000000.0,
        5000000.0,
        5000000.0,
        5000000.0,
        5000000.0,
        5000000.0,
        5000000.0,
        5000000.0,
        5000000.0,
        5000000.0,
        5000000.0,
        5000000.0,
        5000000.0,
        5000000.0,
        5000000.0,
        5000000.0,
        5000000.0,
        5000000.0,
        5000000.0,
        5000000.0,
        5000000.0,
        5000000.0,
        5000000.0,
        5000000.0,
        5000000.0,
        5000000.0,
        5000000.0,
        5000000.0,
        5000000.0,
        5000000.0,
        5000000.0,
        5000000.0,
        5000000.0,
        5000000.0,
        5000000.0,
        5000000.0,
        5000000.0,
        5000000.0,
        5000000.0,
        5000000.0,
        5000000.0,
        5000000.0,
        5000000.0,
        5000000.0,
        5000000.0,
        5000000.0,
        5000000.0
    ],