{
    "elasticity": {
        "E": 35000000000.0,
        "nu": 0.29
    },
    "creep": {
        "A": 9.2e-36,
        "n": 5.0,
        "T": 298
    },
    "viscoelasticity": {
        "E": [
            2000000000.0,
            10000000000.0
        ],
        "eta": [
            1216000000000000.0,
            503000000000000.0
        ]
    },
    "time": [
        0.0,
        132244.89795918367,
        264489.79591836734,
        396734.693877551,
        528979.5918367347,
        661224.4897959183,
        793469.387755102,
        925714.2857142857,
        1057959.1836734693,
        1190204.081632653,
        1322448.9795918367,
        1454693.8775510204,
        1586938.775510204,
        1719183.6734693877,
        1851428.5714285714,
        1983673.469387755,
        2115918.3673469387,
        2248163.2653061226,
        2380408.163265306,
        2512653.0612244895,
        2644897.9591836734,
        2777142.8571428573,
        2909387.7551020407,
        3041632.653061224,
        3173877.551020408,
        3306122.448979592,
        3438367.3469387754,
        3570612.244897959,
        3702857.1428571427,
        3835102.0408163266,
        3967346.93877551,
        4099591.8367346935,
        4231836.734693877,
        4364081.632653061,
        4496326.530612245,
        4628571.428571428,
        4760816.326530612,
        4893061.224489796,
        5025306.122448979,
        5157551.020408163,
        5289795.918367347,
        5422040.816326531,
        5554285.714285715,
        5686530.6122448975,
        5818775.510204081,
        5951020.408163265,
        6083265.306122448,
        6215510.204081632,
        6347755.102040816,
        6480000.0,
        6612244.897959184,
        6744489.795918367,
        6876734.693877551,
        7008979.591836735,
        7141224.489795918,
        7273469.387755102,
        7405714.285714285,
        7537959.183673469,
        7670204.081632653,
        7802448.979591836,
        7934693.87755102,
        8066938.775510204,
        8199183.673469387,
        8331428.571428571,
        8463673.469387755,
        8595918.367346939,
        8728163.265306123,
        8860408.163265307,
        8992653.06122449,
        9124897.959183672,
        9257142.857142856,
        9389387.75510204,
        9521632.653061224,
        9653877.551020408,
        9786122.448979592,
        9918367.346938776,
        10050612.244897958,
        10182857.142857142,
        10315102.040816326,
        10447346.93877551,
        10579591.836734693,
        10711836.734693877,
        10844081.632653061,
        10976326.530612245,
        11108571.42857143,
        11240816.326530611,
        11373061.224489795,
        11505306.122448979,
        11637551.020408163,
        11769795.918367347,
        11902040.81632653,
        12034285.714285715,
        12166530.612244897,
        12298775.51020408,
        12431020.408163264,
        12563265.306122448,
        12695510.204081632,
        12827755.102040816,
        12960000.0
    ],
    "sigma_zz": [
        15000000.0,
        15000000.0,
        15000000.0,
        15000000.0,
        15000000.0,
        15000000.0,
        15000000.0,
        15000000.0,
        15000000.0,
        15000000.0,
        15000000.0,
        15000000.0,
        15000000.0,
        15000000.0,
        15000000.0,
        15000000.0,
        15000000.0,
        15000000.0,
        15000000.0,
        15000000.0,
        15000000.0,
        15000000.0,
        15000000.0,
        15000000.0,
        15000000.0,
        15000000.0,
        15000000.0,
        15000000.0,
        15000000.0,
        15000000.0,
        15000000.0,
        15000000.0,
        15000000.0,
        5000000.0,
        5000000.0,
        5000000.0,
        5000000.0,
        5000000.0,
        5000000.0,
        5000000.0,
        5000000.0,
        5000000.0,
        5000000.0,
        5000000.0,
        5000000.0,
        5000000.0,
        5000000.0,
        5000000.0,
        5000000.0,
        5000000.0,
        5000000.0,
        5000000.0,
        5000000.0,
        5000000.0,
        5000000.0,
        5000000.0,
        5000000.0,
        5000000.0,
        5000000.0,
        5000000.0,
        5000000.0,
        5000000.0,
        5000000.0,
        5000000.0,
        5000000.0,
        5000000.0,
        5000000.0,
        5000000.0,
        5000000.0,
        5000000.0,
        5000000.0,
        5000000.0,
        5000000.0,
        5000000.0,
        5000000.0,
        5000000.0,
        5000000.0,
        5000000.0,
        5000000.0,
        5000000.0,
        5000000.0,
        5000000.0,
        5000000.0,
        5000000.0,
        5000000.0,
        5000000.0,
        5000000.0,
        5000000.0,
        5000000.0,
        5000000.0,
        5000000.0,
        5000000.0,
        5000000.0,
        5000000.0,
        5000000.0,
        5000000.0,
        5000000.0,
        5000000.0,
        5000000.0
    ],
    "sigma_xx": [
        5000000.0,
        5000000.0,
        5000000.0,
        5000000.0,
        5000000.0,
        5000000.0,
        5000000.0,
        5000000.0,
        5000000.0,
        5000000.0,
        5000000.0,
        5000000.0,
        5000000.0,
        5000000.0,
        5000000.0,
        5000000.0,
        5000000.0,
        5000000.0,
        5000000.0,
        5000000.0,
        5000000.0,
        5000000.0,
        5000000.0,
        5000000.0,
        5000000.0,
        5000000.0,
        5000000.0,
        5000000.0,
        5000000.0,
        5000000.0,
        5000000.0,
        5000000.0,
        5000000.0,
        5000000.0,
        5000000.0,
        5000000.0,
        5000000.0,
        5000000.0,
        5000000.0,
        5000000.0,
        5000000.0,
        5000000.0,
        5000000.0,
        5000000.0,
        5000000.0,
        5000000.0,
        5000000.0,
        5000000.0,
        5000000.0,
        5000000.0,
        5000000.0,
        5000000.0,
        5000000.0,
        5000000.0,
        5000000.0,
        5000000.0,
        5000000.0,
        5000000.0,
        5000000.0,
        5000000.0,
        5000000.0,
        5000000.0,
        5000000.0,
        5000000.0,
        5000000.0,
        5000000.0,
        5000000.0,
        5000000.0,
        5000000.0,
        5000000.0,
        5000000.0,
        5000000.0,
        5000000.0,
        5000000.0,
        5000000.0,
        5000000.0,
        5000000.0,
        5000000.0,
        5000000.0,
        5000000.0,
        5000000.0,
        5000000.0,
        5000000.0,
        5000000.0,
        5000000.0,
        5000000.0,
        5000000.0,
        5000000.0,
        5000000.0,
        5000000.0,
        5000000.0,
        5000000.0,
        5000000.0,
        5000000.0,
        5000000.0,
        5000000.0,
        5000000.0,
        5000000.0,
        5000000.0
    ],