{
    "elasticity": {
        "E": 20000000000.0,
        "nu": 0.3
    },
    "creep": {
        "A": 5.2e-36,
        "n": 5.0,
        "T": 298
    },
    "viscoelasticity": {
        "E": [
            2000000000.0
        ],
        "eta": [
            500000000000000.0
        ]
    },
    "viscoplastic": {
        "mu_1": 5.856481481481481e-12,
        "N_1": 3,
        "n": 3,
        "alpha_1": 5e-11,
        "eta_1": 0.7,
        "beta_1": 4.8e-09,
        "beta": 0.995,
        "m_v": -0.5,
        "gamma": 0.11,
        "k_v": 0.275,
        "sigma_t": 5400000.0
    },
    "vonmises": {
        "yield_stress": 10000000.0,
        "eta": 900000000.0
    },
    "time": [
        0.0,
        818181.8181818182,
        1636363.6363636365,
        2454545.4545454546,
        3272727.272727273,
        4090909.0909090913,
        4909090.909090909,
        5727272.7272727275,
        6545454.545454546,
        7363636.363636364,
        8181818.181818183,
        9000000.0
    ],
    "sigma_zz": [
        12000000.0,
        12000000.0,
        12000000.0,
        12000000.0,
        12000000.0,
        12000000.0,
        12000000.0,
        12000000.0,
        12000000.0,
        12000000.0,
        12000000.0,
        12000000.0
    ],
    "sigma_xx": [
        0.0,
        0.0,
        0.0,
        0.0,
        0.0,
        0.0,
        0.0,
        0.0,
        0.0,
        0.0,
        0.0,
        0.0
    ],
    "sigma_yy": [
        0.0,
        0.0,
        0.0,
        0.0,
        0.0,
        0.0,
        0.0,
        0.0,
        0.0,
        0.0,
        0.0,
        0.0
    ],
    "sigma_xy": [
        0.0,
        0.0,
        0.0,
        0.0,
        0.0,
        0.0,
        0.0,
        0.0,
        0.0,
        0.0,
        0.0,
        0.0
    ],
    "sigma_yz": [
        10000000.0,
        10000000.0,
        10000000.0,
        10000000.0,
        10000000.0,
        10000000.0,
        10000000.0,
        10000000.0,
        10000000.0,
        10000000.0,
        10000000.0,
        10000000.0
    ],
    "sigma_xz": [
        0.0,
        0.0,
        0.0,
        0.0,
        0.0,
        0.0,
        0.0,
        0.0,
        0.0,
        0.0,
        0.0,
        0.0
    ]
}