{
    "elasticity": {
        "E": 20000000000.0,
        "nu": 0.3
    },
    "creep": {
        "A": 5.2e-36,
        "n": 5.0,
        "T": 298
    },
    "viscoelasticity": {
        "E": [
            2000000000.0
        ],
        "eta": [
            500000000000000.0
        ]
    },
    "viscoplastic": {
        "mu_1": 5.856481481481481e-12,
        "N_1": 3,
        "n": 3,
        "alpha_1": 5e-11,
        "eta_1": 0.7,
        "beta_1": 4.8e-09,
        "beta": 0.995,
        "m_v": -0.5,
        "gamma": 0.11,
        "k_v": 0.275,
        "sigma_t": 5400000.0
    },
    "vonmises": {
        "yield_stress": 10000000.0,
        "eta": 900000000.0
    },
    "time": [
        0.0,
        91836.73469387754,
        183673.4693877551,
        275510.20408163266,
        367346.9387755102,
        459183.6734693877,
        551020.4081632653,
        642857.1428571428,
        734693.8775510204,
        826530.6122448979,
        918367.3469387754,
        1010204.081632653,
        1102040.8163265307,
        1193877.551020408,
        1285714.2857142857,
        1377551.020408163,
        1469387.7551020407,
        1561224.4897959183,
        1653061.2244897957,
        1744897.9591836734,
        1836734.6938775508,
        1928571.4285714284,
        2020408.163265306,
        2112244.8979591834,
        2204081.6326530613,
        2295918.3673469387,
        2387755.102040816,
        2479591.8367346935,
        2571428.5714285714,
        2663265.3061224488,
        2755102.040816326,
        2846938.775510204,
        2938775.5102040814,
        3030612.244897959,
        3122448.9795918367,
        3214285.714285714,
        3306122.4489795915,
        3397959.1836734693,
        3489795.9183673467,
        3581632.653061224,
        3673469.3877551015,
        3765306.1224489794,
        3857142.857142857,
        3948979.591836734,
        4040816.326530612,
        4132653.0612244895,
        4224489.795918367,
        4316326.530612244,
        4408163.265306123,
        4500000.0,
        4591836.734693877,
        4683673.469387755,
        4775510.204081632,
        4867346.93877551,
        4959183.673469387,
        5051020.408163265,
        5142857.142857143,
        5234693.87755102,
        5326530.6122448975,
        5418367.346938775,
        5510204.081632652,
        5602040.816326531,
        5693877.551020408,
        5785714.285714285,
        5877551.020408163,
        5969387.75510204,
        6061224.489795918,
        6153061.224489795,
        6244897.959183673,
        6336734.693877551,
        6428571.428571428,
        6520408.163265306,
        6612244.897959183,
        6704081.63265306,
        6795918.367346939,
        6887755.102040816,
        6979591.8367346935,
        7071428.571428571,
        7163265.306122448,
        7255102.040816326,
        7346938.775510203,
        7438775.510204081,
        7530612.244897959,
        7622448.979591836,
        7714285.714285714,
        7806122.448979591,
        7897959.183673468,
        7989795.918367347,
        8081632.653061224,
        8173469.387755102,
        8265306.122448979,
        8357142.857142856,
        8448979.591836734,
        8540816.326530611,
        8632653.061224489,
        8724489.795918366,
        8816326.530612245,
        8908163.265306123,
        9000000.0
    ],
    "sigma_zz": [
        12000000.0,
        12000000.0,
        12000000.0,
        12000000.0,
        12000000.0,
        12000000.0,
        12000000.0,
        12000000.0,
        12000000.0,
        12000000.0,
        12000000.0,
        12000000.0,
        12000000.0,
        12000000.0,
        12000000.0,
        12000000.0,
        12000000.0,
        12000000.0,
        12000000.0,
        12000000.0,
        12000000.0,
        12000000.0,
        12000000.0,
        12000000.0,
        12000000.0,
        12000000.0,
        12000000.0,
        12000000.0,
        12000000.0,
        12000000.0,
        12000000.0,
        12000000.0,
        12000000.0,
        14000000.0,
        14000000.0,
        14000000.0,
        14000000.0,
        14000000.0,
        14000000.0,
        14000000.0,
        14000000.0,
        14000000.0,
        14000000.0,
        14000000.0,
        14000000.0,
        14000000.0,
        14000000.0,
        14000000.0,
        14000000.0,
        14000000.0,
        14000000.0,
        14000000.0,
        14000000.0,
        14000000.0,
        14000000.0,
        14000000.0,
        14000000.0,
        14000000.0,
        14000000.0,
        14000000.0,
        14000000.0,
        14000000.0,
        14000000.0,
        14000000.0,
        14000000.0,
        14000000.0,
        16000000.0,
        16000000.0,
        16000000.0,
        16000000.0,
        16000000.0,
        16000000.0,
        16000000.0,
        16000000.0,
        16000000.0,
        16000000.0,
        16000000.0,
        16000000.0,
        16000000.0,
        16000000.0,
        16000000.0,
        16000000.0,
        16000000.0,
        16000000.0,
        16000000.0,
        16000000.0,
        16000000.0,
        16000000.0,
        16000000.0,
        16000000.0,
        16000000.0,
        16000000.0,
        16000000.0,
        16000000.0,
        16000000.0,
        16000000.0,
        16000000.0,
        16000000.0,
        16000000.0
    ],
    "sigma_xx": [
        0.0,
        0.0,
        0.0,
        0.0,
        0.0,
        0.0,
        0.0,
        0.0,
        0.0,
        0.0,
        0.0,
        0.0,
        0.0,
        0.0,
        0.0,
        0.0,
        0.0,
        0.0,
        0.0,
        0.0,
        0.0,
        0.0,
        0.0,
        0.0,
        0.0,
        0.0,
        0.0,
        0.0,
        0.0,
        0.0,
        0.0,
        0.0,
        0.0,
        0.0,
        0.0,
        0.0,
        0.0,
        0.0,
        0.0,
        0.0,
        0.0,
        0.0,
        0.0,
        0.0,
        0.0,
        0.0,
        0.0,
        0.0,
        0.0,
        0.0,
        0.0,
        0.0,
        0.0,
        0.0,
        0.0,
        0.0,
        0.0,
        0.0,
        0.0,
        0.0,
        0.0,
        0.0,
        0.0,
        0.0,
        0.0,
        0.0,
        0.0,
        0.0,
        0.0,
        0.0,
        0.0,
        0.0,
        0.0,
        0.0,
        0.0,
        0.0,
        0.0,
        0.0,
        0.0,
        0.0,
        0.0,
        0.0,
        0.0,
        0.0,
        0.0,
        0.0,
        0.0,
        0.0,
        0.0,
        0.0,
        0.0,
        0.0,
        0.0,
        0.0,
        0.0,
        0.0,
        0.0,
        0.0,
        0.0
    ],